TRADING_NAME,ADDRESS,LOCATION,POSTCODE,AREA_DESCRIPTION,REGION_DESCRIPTION,latitude,longitude
53 Mile Roadhouse,31 South Western Hwy,PINJARRA,6208,Murray,Peel,-32.6343,115.8709
7-Eleven Alkimos,10 Carlsbad Prom,ALKIMOS,6038,North of River,Metro,-31.6283,115.6898
7-Eleven Ascot,194 Great Eastern Hwy,ASCOT,6104,South of River,Metro,-31.9417,115.925
7-Eleven Balcatta,174 Balcatta Rd,BALCATTA,6021,North of River,Metro,-31.8604,115.8096
7-Eleven Baldivis,370 Baldivis Rd,BALDIVIS,6171,South of River,Metro,-32.3084,115.8217
7-Eleven Balga,102 Princess Rd,BALGA,6061,North of River,Metro,-31.8565,115.8375
7-Eleven Banksia Grove,1/300 Joseph Banks Bvd,BANKSIA GROVE,6031,North of River,Metro,-31.7033,115.8035
7-Eleven Bassendean,302-318 Collier Rd,BASSENDEAN,6054,North of River,Metro,-31.9066,115.9301
7-Eleven Bentley,1133-1135 Albany Hwy,BENTLEY,6102,South of River,Metro,-32.0017,115.9185
7-Eleven Bibra Lake,35 Port Kembla Dr,BIBRA LAKE,6163,South of River,Metro,-32.1011,115.802
7-Eleven Booragoon,492 Marmion St,BOORAGOON,6154,South of River,Metro,-32.0395,115.8229
7-Eleven Brabham,3 Marvel Ent,BRABHAM,6055,East/Hills,Metro,-31.8328,115.9683
7-Eleven Bunbury East,8D Picton Rd,EAST BUNBURY,6230,Bunbury,South-West,-33.3456,115.662
7-Eleven Busselton,81-93 West St,BUSSELTON,6280,Busselton-Shire,South-West,-33.6549,115.3421
7-Eleven Butler,270 Butler Bvd,BUTLER,6036,North of River,Metro,-31.6355,115.7056
7-Eleven Byford South,25 Abernethy Rd,BYFORD,6122,South of River,Metro,-32.222,116.0059
7-Eleven Carlisle,232 Orrong Rd,CARLISLE,6101,South of River,Metro,-31.9718,115.9181
7-Eleven Caversham,2131 West Swan Rd,CAVERSHAM,6055,North of River,Metro,-31.8755,115.9746
7-Eleven Clarkson,19 Neerabup Dr,CLARKSON,6030,North of River,Metro,-31.6928,115.7176
7-Eleven Cockburn Central,814 North Lake Rd,COCKBURN CENTRAL,6164,South of River,Metro,-32.1199,115.8467
7-Eleven Dalyellup,51 Tiffany Ctr,DALYELLUP,6230,Capel,South-West,-33.397,115.6364
7-Eleven Dunsborough,100 Commonage Rd,DUNSBOROUGH,6281,Busselton-Shire,South-West,-33.635,115.1157
7-Eleven Eaton,15 Albatross Cres,EATON,6230,Dardanup,South-West,-33.3215,115.7153
7-Eleven Forrestdale,2 Haydock St,FORRESTDALE,6112,South of River,Metro,-32.1237,115.9562
7-Eleven Golden Bay,52 Thundelarra Dr,GOLDEN BAY,6174,South of River,Metro,-32.4208,115.7609
7-Eleven Gosnells,303 Corfield St,GOSNELLS,6110,South of River,Metro,-32.0904,115.9978
7-Eleven Greenfields South,13 Lakes Rd,GREENFIELDS,6210,Mandurah,Peel,-32.5377,115.7576
7-Eleven Greenfields,1 Eaglemont St,GREENFIELDS,6210,Mandurah,Peel,-32.5208,115.7541
7-Eleven Harrisdale,120 Yellowwood Ave,HARRISDALE,6112,South of River,Metro,-32.1258,115.926
7-Eleven Haynes,1256 Armadale Rd,ARMADALE,6112,South of River,Metro,-32.1476,115.9855
7-Eleven Joondalup,8 Buick Way,JOONDALUP,6027,North of River,Metro,-31.7541,115.765
7-Eleven Kardinya,1 South St,KARDINYA,6163,South of River,Metro,-32.0676,115.8163
7-Eleven Kelmscott Central,4 Church St,KELMSCOTT,6111,South of River,Metro,-32.1191,116.0175
7-Eleven Kelmscott,105 Champion Dr,KELMSCOTT,6111,South of River,Metro,-32.1284,116.0005
7-Eleven Landsdale,8 Mullingar Way,LANDSDALE,6065,North of River,Metro,-31.8052,115.8358
7-Eleven Maddington South,1969 Albany Hwy,MADDINGTON,6109,South of River,Metro,-32.0554,115.9885
7-Eleven Malaga,650 Marshall Rd,MALAGA,6090,North of River,Metro,-31.8568,115.9078
7-Eleven Malvern Springs,324 The Broadway,ELLENBROOK,6069,North of River,Metro,-31.7662,115.9856
7-Eleven Mandurah,296 Pinjarra Rd,MANDURAH,6210,Mandurah,Peel,-32.5356,115.7369
7-Eleven Middle Swan,40-42 Great Northern Hwy,MIDDLE SWAN,6056,East/Hills,Metro,-31.8736,116.0116
7-Eleven Midland,8 Clayton St,MIDLAND,6056,East/Hills,Metro,-31.8981,116.0154
7-Eleven Midvale,231 Morrison Rd,MIDVALE,6056,East/Hills,Metro,-31.8855,116.0331
7-Eleven Morley,162 Russell St,MORLEY,6062,North of River,Metro,-31.9032,115.9032
7-Eleven Queens Park,235 Welshpool Rd,QUEENS PARK,6107,South of River,Metro,-31.9972,115.9467
7-Eleven Ridgewood,35 Kilrush Turn,RIDGEWOOD,6030,North of River,Metro,-31.6541,115.7152
7-Eleven Rockingham Central,2 Sepia Ct,ROCKINGHAM,6168,South of River,Metro,-32.2923,115.7433
7-Eleven Rockingham,129 Dixon Rd,EAST ROCKINGHAM,6168,South of River,Metro,-32.2764,115.7773
7-Eleven Southern River,481 Balfour St,SOUTHERN RIVER,6110,South of River,Metro,-32.1073,115.9399
7-Eleven Stirling,377 Wanneroo Rd,BALCATTA,6021,North of River,Metro,-31.8801,115.8345
7-Eleven Success,660 Beeliar Dr,SUCCESS,6164,South of River,Metro,-32.1265,115.8396
7-Eleven Thornlie,125 Murdoch Rd,THORNLIE,6108,South of River,Metro,-32.0696,115.9521
7-Eleven Treendale,147-149 Grand Ent,AUSTRALIND,6233,Harvey,South-West,-33.2768,115.7249
7-Eleven Wanneroo South,929-931 Wanneroo Rd,WANNEROO,6065,North of River,Metro,-31.7543,115.8044
7-Eleven Wattle Grove,332 Hale Rd,WATTLE GROVE,6107,East/Hills,Metro,-31.9997,115.9858
7-Eleven Withers,1 Island Queen St,WITHERS,6230,Bunbury,South-West,-33.3623,115.6303
7-Eleven Yanchep,2 Tamala Lane,YANCHEP,6035,North of River,Metro,-31.5504,115.6386
Ampol Albany Diesel Stop,634 Menang Dr,WILLYUNG,6330,Albany,Great Southern,-34.9602,117.8869
Ampol Bibra Lake Diesel Stop,5 Cocos Dr,BIBRA LAKE,6163,South of River,Metro,-32.1093,115.8098
Ampol Bridgetown Diesel Stop,1 Spencer St,BRIDGETOWN,6255,B-Town/G-Bushes,South-West,-33.959,116.1387
Ampol Collie,124 Throssell St,COLLIE,6225,Collie,South-West,-33.3597,116.1527
Ampol Fitzroy Crossing Diesel Stop,53 Emanuel Way,FITZROY CROSSING,6765,Fitzroy Cross,Kimberley,-18.1995,125.5693
Ampol Foodary Altone Road,159 Altone Rd,BEECHBORO,6063,North of River,Metro,-31.8713,115.9449
Ampol Foodary Applecross,918 Canning Hwy,APPLECROSS,6153,South of River,Metro,-32.0115,115.8508
Ampol Foodary Ascot,204 Great Eastern Hwy,ASCOT,6104,South of River,Metro,-31.9408,115.9264
Ampol Foodary Ashby,2 Hollosy Way,ASHBY,6065,North of River,Metro,-31.7323,115.8042
Ampol Foodary Baldivis,614 Baldivis Rd,BALDIVIS,6171,South of River,Metro,-32.3311,115.8206
Ampol Foodary Bannister Road,60 Bannister Rd,CANNING VALE,6155,South of River,Metro,-32.0632,115.9264
Ampol Foodary Belmont,303 Great Eastern Hwy,BELMONT,6104,South of River,Metro,-31.9377,115.9332
Ampol Foodary Bentley,91-93 Manning Rd,BENTLEY,6102,South of River,Metro,-32.0122,115.9142
Ampol Foodary Broome,50 Mavis Rd,BILINGURR,6725,Broome,Kimberley,-17.9289,122.2365
Ampol Foodary Bunbury,1 Forrest Ave,BUNBURY,6230,Bunbury,South-West,-33.3367,115.6413
Ampol Foodary Busselton,115 Strelly St,BUSSELTON,6280,Busselton-Shire,South-West,-33.6668,115.3506
Ampol Foodary Butler,11 Headingly Cr,BUTLER,6036,North of River,Metro,-31.6542,115.7125
Ampol Foodary Byford,Lot 22 South Western Hwy,BYFORD,6122,South of River,Metro,-32.2267,116.0073
Ampol Foodary Cannington,1346 Albany Hwy,CANNINGTON,6107,South of River,Metro,-32.0174,115.9351
Ampol Foodary Carine,510 Beach Rd,CARINE,6020,North of River,Metro,-31.8464,115.7955
Ampol Foodary Carnarvon,595 Robinson St,KINGSFORD,6701,Carnarvon,Gascoyne,-24.8622,113.7011
Ampol Foodary Clarkson,7 Ocean Keys Bvd,CLARKSON,6030,North of River,Metro,-31.6893,115.7154
Ampol Foodary Cockburn Central,3 Armadale Rd,JANDAKOT,6164,South of River,Metro,-32.1265,115.8613
Ampol Foodary Coolgardie,110-114 Bayley St,COOLGARDIE,6429,Coolgardie,Goldfields-Esperance,-30.9544,121.1587
Ampol Foodary Dawesville,191 Bailey Bvd,DAWESVILLE,6211,Mandurah,Peel,-32.6307,115.6324
Ampol Foodary Doubleview,365 Scarborough Beach Rd,DOUBLEVIEW,6018,North of River,Metro,-31.9014,115.7942
Ampol Foodary East Fremantle,176 Canning Hwy,EAST FREMANTLE,6158,South of River,Metro,-32.0407,115.7663
Ampol Foodary East Perth,157 Lord St,PERTH,6000,North of River,Metro,-31.9486,115.8695
Ampol Foodary Eaton,1 Pratt Rd,EATON,6232,Dardanup,South-West,-33.3112,115.6971
Ampol Foodary Erskine,112 Oakleigh Dr,ERSKINE,6210,Mandurah,Peel,-32.5603,115.6894
Ampol Foodary Esperance,59 Dempster St,ESPERANCE,6450,Esperance,Goldfields-Esperance,-33.8579,121.8939
Ampol Foodary Exmouth,77 Maidstone Cr,EXMOUTH,6707,Exmouth,Gascoyne,-21.9327,114.1275
Ampol Foodary Falcon (Miami Beach),2 Baroy St,FALCON,6210,Mandurah,Peel,-32.5811,115.6614
Ampol Foodary Forrest Highway North,Lot 602 Forrest Hwy,WEST PINJARRA,6208,Murray,Peel,-32.6854,115.7783
Ampol Foodary Forrest Highway South,Lot 601 Forrest Hwy,WEST PINJARRA,6208,Murray,Peel,-32.6857,115.7781
Ampol Foodary Forrestdale,63 Alex Wood Dr,FORRESTDALE,6112,South of River,Metro,-32.1466,115.9655
Ampol Foodary Gelorup,39 Bussell Hwy,GELORUP,6230,Capel,South-West,-33.4121,115.6266
Ampol Foodary Glendalough,2 Jon Sanders Dr,GLENDALOUGH,6016,North of River,Metro,-31.922,115.8192
Ampol Foodary Gosnells North,2100 Albany Hwy,GOSNELLS,6110,South of River,Metro,-32.0642,115.9996
Ampol Foodary Gosnells,158 Corfield St,GOSNELLS,6110,South of River,Metro,-32.0799,115.988
Ampol Foodary Greenfields,35 Minilya Pkwy,GREENFIELDS,6210,Mandurah,Peel,-32.5302,115.7653
Ampol Foodary High Wycombe,967 Abernethy Rd,HIGH WYCOMBE,6057,East/Hills,Metro,-31.9524,115.9872
Ampol Foodary Joondalup,420 Joondalup Dr,JOONDALUP,6027,North of River,Metro,-31.741,115.764
Ampol Foodary Kalgoorlie South,146 Boulder Rd,SOUTH KALGOORLIE,6430,Kalgoorlie,Goldfields-Esperance,-30.7528,121.4805
Ampol Foodary Kalgoorlie,581 Hannan St,SOMERVILLE,6430,Kalgoorlie,Goldfields-Esperance,-30.7647,121.4528
Ampol Foodary Karratha,Lot 3861 Bathgate Rd,NICKOL,6714,Karratha,Pilbara,-20.7405,116.8105
Ampol Foodary Karrinyup,490 Karrinyup Rd,GWELUP,6018,North of River,Metro,-31.8821,115.7961
Ampol Foodary Kewdale,2 Fenton St,KEWDALE,6105,South of River,Metro,-31.9836,115.9561
Ampol Foodary Kingsley,86 Kingsley Dr,KINGSLEY,6026,North of River,Metro,-31.8069,115.789
Ampol Foodary Kwinana,Cnr Mandurah Rd & Wellard Rd,KWINANA BEACH,6167,South of River,Metro,-32.1042,115.9441
Ampol Foodary Lakelands,Lot 50 Mandurah Rd,MEADOW SPRINGS,6210,Mandurah,Peel,-32.4791,115.7578
Ampol Foodary Leederville,319 Vincent St,LEEDERVILLE,6007,North of River,Metro,-31.9367,115.8401
Ampol Foodary Livingston,110 Ranford Rd,CANNING VALE,6155,South of River,Metro,-32.0872,115.9168
Ampol Foodary Malaga Drive,76 Malaga Dr,MALAGA,6090,North of River,Metro,-31.8634,115.8941
Ampol Foodary Malaga,1 Capital Rd,MALAGA,6090,North of River,Metro,-31.8482,115.8785
Ampol Foodary Melville,585 Canning Hwy,ALFRED COVE,6154,South of River,Metro,-32.0314,115.8149
Ampol Foodary Midvale,375 Great Eastern Hwy,MIDVALE,6056,East/Hills,Metro,-31.8947,116.0317
Ampol Foodary Mosman Park,676 Stirling Hwy,MOSMAN PARK,6012,North of River,Metro,-32.012,115.7556
Ampol Foodary Mt Lawley,810 Beaufort St,MOUNT LAWLEY,6050,North of River,Metro,-31.9252,115.8818
Ampol Foodary Mundaring,5895 Great Eastern Hwy,MUNDARING,6073,East/Hills,Metro,-31.9007,116.1524
Ampol Foodary Murdoch,10 Robson Way,MURDOCH,6150,South of River,Metro,-32.0634,115.8356
Ampol Foodary Nedlands,7 Broadway,NEDLANDS,6009,North of River,Metro,-31.9776,115.8136
Ampol Foodary Newman,Lot 1328 Newman Dr,NEWMAN,6753,Newman,Pilbara,-23.358,119.7277
Ampol Foodary Norseman,1 Princep St,NORSEMAN,6443,Norseman,Goldfields-Esperance,-32.1891,121.7784
Ampol Foodary North Road,204 North Rd,YAKAMIA,6330,Albany,Great Southern,-35.0054,117.8746
Ampol Foodary North Wanneroo,2624 Wanneroo Rd,NOWERGUP,6032,North of River,Metro,-31.6258,115.7188
Ampol Foodary North Yunderup,868 Pinjarra Rd,FURNISSDALE,6209,Murray,Peel,-32.5671,115.7984
Ampol Foodary Northlands,391 Wanneroo Rd,BALCATTA,6021,North of River,Metro,-31.8726,115.831
Ampol Foodary O'Connor,309 Stock Rd,O'CONNOR,6163,South of River,Metro,-32.0554,115.7932
Ampol Foodary Rivervale,111 Great Eastern Hwy,RIVERVALE,6103,South of River,Metro,-31.9535,115.9135
Ampol Foodary Rockingham,29 Dixon Rd,ROCKINGHAM,6168,South of River,Metro,-32.2768,115.7499
Ampol Foodary Scarborough,74 Scarborough Beach Rd,SCARBOROUGH,6019,North of River,Metro,-31.894,115.7646
Ampol Foodary Secret Harbour,420 Secret Harbour Bvd,SECRET HARBOUR,6173,South of River,Metro,-32.4072,115.7593
Ampol Foodary South Hedland,67 Hamilton Rd,SOUTH HEDLAND,6722,Port Hedland,Pilbara,-20.4015,118.5953
Ampol Foodary South Lake,2 Omeo St,SOUTH LAKE,6164,South of River,Metro,-32.1083,115.8293
Ampol Foodary Stratton,240 Toodyay Rd,STRATTON,6056,East/Hills,Metro,-31.8656,116.0327
Ampol Foodary Subiaco,194 Rokeby Rd,SUBIACO,6008,North of River,Metro,-31.9507,115.8243
Ampol Foodary Thornlie Square,316 Spencer Rd,THORNLIE,6108,South of River,Metro,-32.0558,115.9621
Ampol Foodary Wangara,79 Buckingham Dr,WANGARA,6065,North of River,Metro,-31.7882,115.8281
Ampol Foodary Warnbro,2 Bristol St,WARNBRO,6169,South of River,Metro,-32.3289,115.7588
Ampol Foodary Willetton,169 High Rd,WILLETTON,6155,South of River,Metro,-32.0391,115.8839
Ampol Foodary Williams,56 Albany Hwy,WILLIAMS,6391,Williams,Wheatbelt,-33.0235,116.8784
Ampol Foodary Yanchep,1 Morwell St,YANCHEP,6035,North of River,Metro,-31.5519,115.6395
Ampol Foodary Yangebup,289 Beeliar Dr,YANGEBUP,6164,South of River,Metro,-32.1274,115.799
Ampol Jurien Bay,22 Bashford St,JURIEN BAY,6516,Jurien,Wheatbelt,-30.3026,115.0421
Ampol Kalgoorlie Diesel Stop,2 Cunningham Rd,WEST KALGOORLIE,6430,Boulder,Goldfields-Esperance,-30.7807,121.4337
Ampol Karratha Diesel Stop,1540 Anderson Rd,KARRATHA INDUSTRIAL ESTATE,6714,Karratha,Pilbara,-20.7753,116.8689
Ampol Meckering Roadhouse,31 Dreyer St,MECKERING,6405,Meckering,Wheatbelt,-31.6324,117.0062
Ampol Narrogin,12 Clayton Rd,NARROGIN,6312,Narrogin,Wheatbelt,-32.9308,117.177
Ampol Newman Diesel Stop,131 Welsh Dr,NEWMAN,6753,Newman,Pilbara,-23.3692,119.7291
Ampol Picton Depot With Front,1 Wimbridge Rd,PICTON,6229,Bunbury,South-West,-33.3488,115.6993
Ampol Rous Head,Cnr North Mole Dr & Rous Head Rd,NORTH FREMANTLE,6159,North of River,Metro,-32.0499,115.7339
Ampol Wedgefield Diesel Stop,12-14 Cajarina Rd,WEDGEFIELD,6721,Port Hedland,Pilbara,-20.3808,118.5912
Ampol Welshpool Diesel Stop,119 Kurnall Rd,WELSHPOOL,6106,South of River,Metro,-31.9913,115.9638
Astron Quinns Rocks,121 Quinns Rd,QUINNS ROCKS,6030,North of River,Metro,-31.6726,115.7083
Astron Roleystone,11 Wygonda Rd,ROLEYSTONE,6111,East/Hills,Metro,-32.1126,116.0708
Atlas Fresh Trading Co Northam,Cnr Great Eastern Hwy & Yilgarn Ave,MALABAINE,6401,Northam-Shire,Wheatbelt,-31.6351,116.7179
Atlas Fuel Ascot,472 Great Eastern Hwy,ASCOT,6104,South of River,Metro,-31.9252,115.9518
Atlas Fuel Caversham,40 Bennett St,CAVERSHAM,6055,North of River,Metro,-31.8718,115.9602
Atlas Fuel Forrestfield,78C Hale Rd,FORRESTFIELD,6058,East/Hills,Metro,-31.9879,116.0085
Atlas Fuel Geraldton,184 North West Coastal Hwy,WONTHELLA,6530,Geraldton,Mid-West,-28.7597,114.6248
Atlas Fuel Jarrahdale,2 Jarrahdale Rd,JARRAHDALE,6124,South of River,Metro,-32.3092,116.0069
Atlas Fuel Kwinana,1 Mandurah Rd,KWINANA BEACH,6167,South of River,Metro,-32.2359,115.7805
Atlas Fuel Midvale,227 Morrison Rd,MIDVALE,6056,East/Hills,Metro,-31.8852,116.0309
Atlas Fuel Narrogin,44 Egerton St,NARROGIN,6312,Narrogin,Wheatbelt,-32.9332,117.1767
Atlas Fuel Sawyers Valley,10895 Great Eastern Hwy,SAWYERS VALLEY,6074,East/Hills,Metro,-31.9033,116.205
Atlas Fuel Stratton,177 O'Connor Rd,STRATTON,6056,East/Hills,Metro,-31.8697,116.0344
Atlas Fuel Thornlie,223 Yale Rd,THORNLIE,6108,South of River,Metro,-32.0611,115.9391
Atlas Fuel Wanneroo,951 Wanneroo Rd,WANNEROO,6065,North of River,Metro,-31.7527,115.8031
Atlas Fuel Welshpool,36 Welshpool Rd,WELSHPOOL,6106,South of River,Metro,-31.9937,115.9193
BOC Gas & Gear,287 Place Rd,WEBBERTON,6530,Geraldton,Mid-West,-28.7589,114.6353
BP 2go Australind,80 Old Coast Rd,AUSTRALIND,6233,Harvey,South-West,-33.2794,115.7141
BP 2go Bellevue,59 Great Eastern Hwy,BELLEVUE,6056,East/Hills,Metro,-31.8953,116.0316
BP 2go Burrendah,69 Pinetree Gully Rd,WILLETTON,6155,South of River,Metro,-32.0583,115.882
BP 2go Cannington,1443 Albany Hwy,CANNINGTON,6107,South of River,Metro,-32.0257,115.9418
BP 2go Collins Road,121 Collins Rd,WILLETTON,6155,South of River,Metro,-32.0558,115.9035
BP 2go Morrison Road,226 Morrison Rd,MIDVALE,6056,East/Hills,Metro,-31.8864,116.0309
BP 2go Noranda,40 Benara Rd,NORANDA,6062,North of River,Metro,-31.8759,115.8943
BP 2go Silver Sands,183-187 Mandurah Tce,MANDURAH,6210,Mandurah,Peel,-32.5199,115.7313
BP 2go Woodvale,941 Whitfords Ave,WOODVALE,6026,North of River,Metro,-31.7998,115.796
BP Allway,35 Albany Hwy,ALBANY,6330,Albany,Great Southern,-35.0205,117.882
BP Applecross,848 Canning Hwy,APPLECROSS,6153,South of River,Metro,-32.0149,115.8433
BP Attadale,530 Canning Hwy,ATTADALE,6156,South of River,Metro,-32.0318,115.8089
BP Augusta,64 Blackwood Ave,AUGUSTA,6290,Augusta-M River,South-West,-34.3159,115.1593
BP Balcatta,53 Erindale Rd,BALCATTA,6021,North of River,Metro,-31.8655,115.8081
BP Baldivis Northbound Travel Centre,Lot 191 Paparone Rd,BALDIVIS,6171,South of River,Metro,-32.3098,115.8301
BP Baldivis Southbound Travel Centre,Lot 192 Leary Rd,BALDIVIS,6171,South of River,Metro,-32.3092,115.8329
BP Ballajura,2 Illawarra Cres North,BALLAJURA,6066,North of River,Metro,-31.8266,115.8772
BP Baskerville,1084 Great Northern Hwy,BASKERVILLE,6056,East/Hills,Metro,-31.7974,116.0216
BP Beeliar,701 Beeliar Dr,COCKBURN CENTRAL,6164,South of River,Metro,-32.1271,115.8437
BP Beldon,261 Eddystone Ave,BELDON,6027,North of River,Metro,-31.7706,115.7669
BP Bibra Lake,2 Wellard St,BIBRA LAKE,6163,South of River,Metro,-32.1048,115.8037
BP Broome Central Service Centre,2 Coghlan St,DJUGUN,6725,Broome,Kimberley,-17.9551,122.2372
BP Broome Depot (Recharge Petroleum),276 Port Dr,MINYIRR,6725,Broome,Kimberley,-17.9927,122.2038
BP Busselton,26 Albert St,BUSSELTON,6280,Busselton-Shire,South-West,-33.6525,115.3443
BP Canning Vale OPT,13 Bannister Rd,CANNING VALE,6155,South of River,Metro,-32.0597,115.9308
BP Canning Vale,1 Wilfred Rd,CANNING VALE,6155,South of River,Metro,-32.0824,115.9087
BP Carnarvon,1134 North West Coastal Hwy,BROWN RANGE,6701,Carnarvon,Gascoyne,-24.8619,113.7129
BP Clarkson,28K Caloundra Rd,CLARKSON,6030,North of River,Metro,-31.6939,115.7249
BP Colac,138 Loch St,DERBY,6728,Derby,Kimberley,-17.3097,123.6468
BP Connect Ascot (WA),210 Great Eastern Hwy,ASCOT,6104,South of River,Metro,-31.9403,115.9274
BP Connect Beaumauris,2 Prendiville Ave,OCEAN REEF,6027,North of River,Metro,-31.7523,115.7406
BP Connect Carlisle,44 Archer St,CARLISLE,6101,South of River,Metro,-31.9723,115.9188
BP Connect Currambine,2 Sunlander Dr,CURRAMBINE,6028,North of River,Metro,-31.7237,115.7465
BP Connect East Perth,68-70 Brown St,EAST PERTH,6004,North of River,Metro,-31.9505,115.8764
BP Connect Kwinana Hub,4 Chisham Ave,KWINANA TOWN CENTRE,6167,South of River,Metro,-32.2444,115.8133
BP Connect Main Street,218 Main St,OSBORNE PARK,6017,North of River,Metro,-31.8963,115.8286
BP Connect Merriwa,2 Ridgewood Bvd,RIDGEWOOD,6030,North of River,Metro,-31.6701,115.7263
BP Connect Myaree,246 Leach Hwy,MYAREE,6154,South of River,Metro,-32.0458,115.8202
BP Connect North Perth,349 Charles St,NORTH PERTH,6006,North of River,Metro,-31.9266,115.8518
BP Connect Padbury,2 Warburton Ave,PADBURY,6025,North of River,Metro,-31.8136,115.7592
BP Connect Palm Springs,214 Warnbro Sound Ave,WARNBRO,6169,South of River,Metro,-32.3481,115.7619
BP Connect Phoenix,222 Rockingham Rd,SPEARWOOD,6163,South of River,Metro,-32.0947,115.7832
BP Connect Riverton,339 High Rd,RIVERTON,6148,South of River,Metro,-32.0391,115.9043
BP Connect Rockingham Park,2 Chalgrove Ave,ROCKINGHAM,6168,South of River,Metro,-32.2899,115.7415
BP Connect South Perth,9 Mends St,SOUTH PERTH,6151,South of River,Metro,-31.9726,115.8521
BP Connect Thomsons Lake,810 Beeliar Dr,SUCCESS,6164,South of River,Metro,-32.1299,115.854
BP Connect Wellington Rd,261 Walter Rd West,MORLEY,6062,North of River,Metro,-31.8946,115.8968
BP Connect Wembley,240 Cambridge St,WEMBLEY,6014,North of River,Metro,-31.9403,115.8202
BP Connect West Coast,11 Scarborough Beach Rd,SCARBOROUGH,6019,North of River,Metro,-31.8946,115.7582
BP Cowaramup,1 Roy Earl Dr,COWARAMUP,6284,Augusta-M River,South-West,-33.8551,115.1005
BP Cunderdin Roadhouse,Lot 6 Great Eastern Hwy,CUNDERDIN,6407,Cunderdin,Wheatbelt,-31.652,117.232
BP Denmark,44A South Coast Hwy,DENMARK,6333,Denmark,Great Southern,-34.9604,117.3534
BP Derby Depot (Recharge Petroleum),19 Rodgers St,DERBY,6728,Derby,Kimberley,-17.3273,123.6508
BP Dog Swamp,4 Wanneroo Rd,YOKINE,6060,North of River,Metro,-31.9114,115.8469
BP Donnybrook,15 South Western Hwy,DONNYBROOK,6239,D-Brook/Bal-Up,South-West,-33.5707,115.8229
BP Dunsborough,238 Naturaliste Tce,DUNSBOROUGH,6281,Busselton-Shire,South-West,-33.6157,115.1061
BP East Rockingham,137 Dixon Rd,EAST ROCKINGHAM,6168,South of River,Metro,-32.2762,115.7806
BP Ellenbrook,180 The Promenade,ELLENBROOK,6069,North of River,Metro,-31.7769,115.9651
BP Embleton,484 Walter Rd East,EMBLETON,6062,North of River,Metro,-31.895,115.9234
BP Fitzroy Crossing,Lot 315 Great Northern Hwy,FITZROY CROSSING,6765,Fitzroy Cross,Kimberley,-18.1933,125.5579
BP Forrestdale,2 Alex Wood Dr,FORRESTDALE,6112,South of River,Metro,-32.1373,115.9696
BP Forrestfield,155 Hale Rd,FORRESTFIELD,6058,East/Hills,Metro,-31.9906,116.0001
BP Geraldton OPT,Lot 1662 Shenton St,WEST END,6530,Geraldton,Mid-West,-28.7834,114.5964
BP Golden Gate,438 Hannan St,KALGOORLIE,6430,Kalgoorlie,Goldfields-Esperance,-30.7528,121.4657
BP Greenwood North,1 Canham Way,GREENWOOD,6024,North of River,Metro,-31.821,115.8158
BP Greenwood,19 Coolibah Dr,GREENWOOD,6024,North of River,Metro,-31.8324,115.802
BP Halls Head,2 Guava Way,HALLS HEAD,6210,Mandurah,Peel,-32.5504,115.7014
BP Henley Brook,1520 Gnangara Rd,HENLEY BROOK,6055,North of River,Metro,-31.7961,115.9785
BP Highgate,342 Beaufort St,PERTH,6000,North of River,Metro,-31.9425,115.8677
BP Huntingdale,68 Warton Rd,HUNTINGDALE,6110,South of River,Metro,-32.0716,115.9665
BP Jindalee,2 Abello Bvd,JINDALEE,6036,North of River,Metro,-31.6365,115.6898
BP Jurien Bay,110 Bashford St,JURIEN BAY,6516,Jurien,Wheatbelt,-30.3037,115.0406
BP Kalgoorlie-Boulder Truckstop,248 Celebration Rd,YILKARI,6430,Boulder,Goldfields-Esperance,-30.7819,121.4886
BP Kambalda,Lot 35 Goldfields Hwy,KAMBALDA EAST,6442,Kambalda,Goldfields-Esperance,-31.2356,121.6071
BP Kardinya,88 Gilbertson Rd,KARDINYA,6163,South of River,Metro,-32.0691,115.8201
BP Karratha Depot (Recharge Petroleum),1033 Mardie Rd,KARRATHA INDUSTRIAL ESTATE,6714,Karratha,Pilbara,-20.7757,116.8607
BP Karratha Service Station,30 Balmoral Rd,KARRATHA,6714,Karratha,Pilbara,-20.7338,116.8416
BP Karratha West,Lot 9 Resource Rd,GAP RIDGE,6714,Karratha,Pilbara,-20.7426,116.768
BP Kenwick,48 Courtney Pl,WATTLE GROVE,6107,East/Hills,Metro,-32.0061,115.9807
BP Kewdale,549 Abernethy Rd,KEWDALE,6105,South of River,Metro,-31.9818,115.9751
BP Koondoola,28 Koondoola Ave,KOONDOOLA,6064,North of River,Metro,-31.8418,115.8584
BP Kununurra Depot (Recharge Petroleum),Cnr Stockman Rd & Bull Run Rd,KUNUNURRA,6743,Kununurra,Kimberley,-15.7967,128.7648
BP Maida Vale,269 Kalamunda Rd,MAIDA VALE,6057,East/Hills,Metro,-31.9536,116.0242
BP Malaga,370 Victoria Rd,MALAGA,6090,North of River,Metro,-31.8625,115.8949
BP Manjimup,96 Giblett St,MANJIMUP,6258,Manjimup,South-West,-34.2386,116.1482
BP Mindarie,360 Anchorage Dr North,MINDARIE,6030,North of River,Metro,-31.6771,115.7112
BP Moora Depot,153 Gardiner St,MOORA,6510,Moora,Wheatbelt,-30.6353,116.0088
BP Morley,335 Walter Rd West,MORLEY,6062,North of River,Metro,-31.8944,115.9054
BP Mullaloo,101 Dampier Av,MULLALOO,6027,North of River,Metro,-31.7799,115.744
BP Munglinup,16 Tubada St,MUNGLINUP,6450,Munglinup,Goldfields-Esperance,-33.705,120.8607
BP Narrogin,37 Federal St,NARROGIN,6312,Narrogin,Wheatbelt,-32.9333,117.1791
BP Naval Base,1351 Rockingham Rd,NAVAL BASE,6165,South of River,Metro,-32.2,115.7818
BP Newman South,101 Great Northern Hwy,NEWMAN,6753,Newman,Pilbara,-23.4542,119.7988
BP Nookenburra,386 Scarborough Beach Rd,INNALOO,6018,North of River,Metro,-31.9027,115.7992
BP Norseman,Lot 2 Eyre Hwy,NORSEMAN,6443,Norseman,Goldfields-Esperance,-31.7336,128.6612
BP Northam OPT,78 Old York Rd,NORTHAM,6401,Northam-Shire,Wheatbelt,-31.6498,116.6839
BP Parklands,85 Forrest Ave,SOUTH BUNBURY,6230,Bunbury,South-West,-33.3415,115.6501
BP Pemberton Garage & Service Station,84 Brockman St,PEMBERTON,6260,Manjimup,South-West,-34.4438,116.0372
BP Piara Waters,12 Erade Dr,PIARA WATERS,6112,South of River,Metro,-32.1169,115.9151
BP Picton Truckstop,Lot 202 Wimbridge Rd,PICTON,6229,Bunbury,South-West,-33.3454,115.696
BP Picton Wetherley Dr,24 Wetherly Dr,PICTON,6229,Bunbury,South-West,-33.3446,115.7083
BP Port Hedland Boulevard,150 Anderson St,PORT HEDLAND,6721,Port Hedland,Pilbara,-20.3116,118.6084
BP Port Hedland,90 Anderson St,PORT HEDLAND,6721,Port Hedland,Pilbara,-20.3121,118.5874
BP Port Kennedy,46 Bakewell Dr,PORT KENNEDY,6172,South of River,Metro,-32.3712,115.7628
BP Ravensthorpe,47 Morgans St,RAVENSTHORPE,6346,Ravensthorpe,Goldfields-Esperance,-33.5816,120.0449
BP Roadhouse Bridgetown,43 Hampton St,BRIDGETOWN,6255,B-Town/G-Bushes,South-West,-33.9632,116.1354
BP Roadhouse Dongara,30373 Brand Hwy,DONGARA,6525,Dongara,Mid-West,-29.2519,114.9403
BP Rosegarden,129 Stirling Hwy,NEDLANDS,6009,North of River,Metro,-31.9798,115.7983
BP Shinju Broome,101 Guy St,BROOME,6725,Broome,Kimberley,-17.9639,122.2241
BP Singleton,2514 Mandurah Rd,SINGLETON,6175,South of River,Metro,-32.4472,115.7628
BP Sorrento,128 West Coast Dr,SORRENTO,6020,North of River,Metro,-31.8323,115.7476
BP South Bunbury,188 Spencer St,SOUTH BUNBURY,6230,Bunbury,South-West,-33.3452,115.6408
BP South Fremantle,229B Hampton Rd,SOUTH FREMANTLE,6162,South of River,Metro,-32.0768,115.7609
BP South Hedland,2 Throssell Rd,SOUTH HEDLAND,6722,Port Hedland,Pilbara,-20.409,118.6013
BP Spencer Park Service Station,30 Angove Rd,SPENCER PARK,6330,Albany,Great Southern,-35.009,117.8994
BP The Lakes Roadhouse,13724 Great Eastern Hwy,THE LAKES,6556,East/Hills,Metro,-31.8537,116.3253
BP Thornlie,459 Nicholson Rd,CANNING VALE,6155,South of River,Metro,-32.0634,115.9363
BP Waikiki,430 Safety Bay Rd,SAFETY BAY,6169,South of River,Metro,-32.31,115.7324
BP Walpole,18 Nockolds St,WALPOLE,6398,Manjimup,South-West,-34.9764,116.7313
BP Wedgefield OPT,Cnr Pinga St & Anthill St,WEDGEFIELD,6721,Port Hedland,Pilbara,-20.3749,118.5943
BP Welshpool,1 Ballantyne Rd,KEWDALE,6105,South of River,Metro,-31.9864,115.9365
BP West Kalgoorlie,11 Wilurarra Rd,WEST KALGOORLIE,6430,Boulder,Goldfields-Esperance,-30.7856,121.4336
BP Westgate,85 Queen Victoria St,FREMANTLE,6160,South of River,Metro,-32.0457,115.7529
BP Williams Roadhouse,16 Albany Hwy,WILLIAMS,6391,Williams,Wheatbelt,-33.0323,116.8804
BP Wonthella Service Station,190 North West Coastal Hwy,WEBBERTON,6530,Geraldton,Mid-West,-28.7589,114.6248
BP Woodbridge,380 Great Eastern Hwy,WOODBRIDGE,6056,South of River,Metro,-31.8904,115.9953
BP Wubin,80-82 Great Northern Hwy,WUBIN,6612,Wubin,Wheatbelt,-30.1077,116.6328
Bakers Food and Fuel,46458 South Coast Hwy,KING RIVER,6330,Albany,Great Southern,-34.929,117.9154
Balingup Liquor & General Store,12 Bridgetown Rd,BALINGUP,6253,D-Brook/Bal-Up,South-West,-33.7842,115.9841
Better Choice Bellevue,177-179 Great Eastern Hwy,BELLEVUE,6056,East/Hills,Metro,-31.8932,116.0196
Better Choice Como,25 Preston St,COMO,6152,South of River,Metro,-31.9946,115.8589
Better Choice Edgewater,21 Edgewater Dr,EDGEWATER,6027,North of River,Metro,-31.7719,115.7893
Better Choice Karridale Roadhouse,12440 Bussell Hwy,KARRIDALE,6288,Augusta-M River,South-West,-34.2021,115.0988
Better Choice Malaga,3 Carson Rd,MALAGA,6090,North of River,Metro,-31.8551,115.8782
Better Choice Margaret River,211 Bussell Hwy,MARGARET RIVER,6285,Augusta-M River,South-West,-33.6639,115.3592
Better Choice Tuart Hill,150 Wanneroo Rd,TUART HILL,6060,North of River,Metro,-31.8971,115.8414
Binningup General Store,21 Coronation Dr,BINNINGUP,6233,Harvey,South-West,-33.1497,115.6885
Bodallin Roadhouse,57 Corboy St,BODALLIN,6424,Bodallin,Wheatbelt,-31.3702,118.8561
Boyanup Fuel,8B South Western Hwy,BOYANUP,6237,Capel,South-West,-33.4836,115.7275
Burk Alkimos,12 Longstaff Ave,ALKIMOS,6038,North of River,Metro,-31.6282,115.6919
Burk Bassendean,309 Guildford Rd,BASSENDEAN,6054,North of River,Metro,-31.9012,115.9592
Burk Broadwater,545 Bussell Hwy,BROADWATER,6280,Busselton-Shire,South-West,-33.6596,115.2793
Burk Camillo,Cnr Westfield Rd & Ypres Rd,CAMILLO,6111,South of River,Metro,-32.1186,116.0028
Burk Landsdale,274 Gnangara Rd,LANDSDALE,6065,North of River,Metro,-31.7993,115.8469
Burk Malaga,1 Harlond Ave,MALAGA,6090,North of River,Metro,-31.8559,115.8915
Burk West Swan,6639 West Swan Rd,WEST SWAN,6055,North of River,Metro,-31.839,115.9906
Burk Williams,24 Albany Hwy,WILLIAMS,6391,Williams,Wheatbelt,-32.9946,116.8475
CGL Fuel,3 Bandicoot Dr,KUNUNURRA,6743,Kununurra,Kimberley,-15.7835,128.7323
Caltex Alexander Heights,200 Mirrabooka Ave,ALEXANDER HEIGHTS,6064,North of River,Metro,-31.8293,115.8528
Caltex Armadale,10 Orchard Ave,ARMADALE,6112,South of River,Metro,-32.1503,116.015
Caltex Baldivis,67 Ridge Bvd,BALDIVIS,6171,South of River,Metro,-32.3537,115.8078
Caltex Barragup,715 Pinjarra Rd,BARRAGUP,6209,Murray,Peel,-32.5575,115.7868
Caltex Bayswater,502 Guildford Rd,BAYSWATER,6053,North of River,Metro,-31.9194,115.9292
Caltex Bedfordale,681 Albany Hwy,BEDFORDALE,6112,East/Hills,Metro,-32.182,116.0757
Caltex Bellevue,16-20 Clayton St,BELLEVUE,6056,East/Hills,Metro,-31.8992,116.0194
Caltex Belmont,33 Belvidere St,BELMONT,6104,South of River,Metro,-31.9464,115.9396
Caltex Bentley,1/1163 Albany Hwy,BENTLEY,6102,South of River,Metro,-32.0043,115.9204
Caltex Binningup,7080 Forrest Hwy,BINNINGUP,6233,Harvey,South-West,-33.1266,115.7198
Caltex Bunbury South,1 Brittain Rd,CAREY PARK,6230,Bunbury,South-West,-33.36,115.6442
Caltex Burswood,265 Great Eastern Hwy,BURSWOOD,6100,South of River,Metro,-31.9604,115.9018
Caltex Busselton,99 Causeway Rd,BUSSELTON,6280,Busselton-Shire,South-West,-33.6627,115.3585
Caltex Byford,8 Kardan Bvd,BYFORD,6122,South of River,Metro,-32.2078,115.9777
Caltex Castletown,49 Norseman Rd,CASTLETOWN,6450,Esperance,Goldfields-Esperance,-33.8381,121.8996
Caltex Chadwick OPT,Lot 6 Beckwith Rd,CHADWICK,6450,Esperance,Goldfields-Esperance,-33.8428,121.8839
Caltex Como,393 Canning Hwy,COMO,6152,South of River,Metro,-31.9989,115.8624
Caltex Dalwallinu,4 Johnston St,DALWALLINU,6609,Dalwallinu,Wheatbelt,-30.28,116.6629
Caltex Dayton,8 Repton St,DAYTON,6055,North of River,Metro,-31.8506,115.9688
Caltex Dianella,61 Walter Rd West,DIANELLA,6059,North of River,Metro,-31.9065,115.8819
Caltex Edgewater,2 The Gateway,EDGEWATER,6027,North of River,Metro,-31.7634,115.7734
Caltex Forrestdale,4 Remisko Dr,FORRESTDALE,6112,South of River,Metro,-32.1427,115.9742
Caltex Glen Forrest,1400 Great Eastern Hwy,GLEN FORREST,6071,East/Hills,Metro,-31.9034,116.1047
Caltex Glenfield,1182 Chapman Rd,GLENFIELD,6532,Geraldton,Mid-West,-28.6714,114.6219
Caltex Gwelup,1 Wishart St,GWELUP,6018,North of River,Metro,-31.8763,115.7969
Caltex Hamilton Hill North,224 Clontarf Rd,HAMILTON HILL,6163,South of River,Metro,-32.0755,115.7795
Caltex Hamilton Hill South,216 Rockingham Rd,HAMILTON HILL,6163,South of River,Metro,-32.0931,115.783
Caltex Henderson OPT,81 Quill Way,HENDERSON,6166,South of River,Metro,-32.1555,115.7706
Caltex High Wycombe OPT,494 Kalamunda Rd,HIGH WYCOMBE,6057,East/Hills,Metro,-31.9369,116.008
Caltex Joondalup,49 Candlewood Bvd,JOONDALUP,6027,North of River,Metro,-31.7287,115.765
Caltex Kalamunda,26 Kalamunda Rd,KALAMUNDA,6076,East/Hills,Metro,-31.9681,116.0531
Caltex Kalgoorlie OPT,9 Kayili Rd,WEST KALGOORLIE,6430,Boulder,Goldfields-Esperance,-30.7831,121.4322
Caltex Kalgoorlie,77 Egan St,KALGOORLIE,6430,Kalgoorlie,Goldfields-Esperance,-30.7469,121.4757
Caltex Karragullen,164 Brookton Hwy,KARRAGULLEN,6111,East/Hills,Metro,-32.1001,116.1167
Caltex Kelmscott,2907 Albany Hwy,KELMSCOTT,6111,South of River,Metro,-32.1191,116.0162
Caltex Kelvin Rd,137 Kelvin Rd,MADDINGTON,6109,South of River,Metro,-32.0346,116.001
Caltex Kiara,157 Morley Dr,KIARA,6054,North of River,Metro,-31.8872,115.9383
Caltex Kwinana Truck Stop,4 Ocean St,KWINANA BEACH,6167,South of River,Metro,-32.2476,115.7732
Caltex Lakes Road Nambeelup,6 Dollyup Street,STAKE HILL,6181,Murray,Peel,-32.5105,115.8152
Caltex Landsdale,220 Gnangara Rd,LANDSDALE,6065,North of River,Metro,-31.8012,115.8415
Caltex Langford,230-234 Nicholson Rd,LANGFORD,6147,South of River,Metro,-32.0473,115.9324
Caltex Lesmurdie,194 Canning Rd,LESMURDIE,6076,East/Hills,Metro,-31.9915,116.0641
Caltex Lynwood,2 Lynwood Ave,LYNWOOD,6147,South of River,Metro,-32.0356,115.9271
Caltex Maddington Truck Stop,18 Orchard Rd,MADDINGTON,6109,South of River,Metro,-32.0348,115.9993
Caltex Madeley,182 Wanneroo Rd,MADELEY,6065,North of River,Metro,-31.8176,115.8213
Caltex Malaga,1896 Beach Rd,MALAGA,6090,North of River,Metro,-31.853,115.8821
Caltex Mandurah,105 Reserve Dr,MANDURAH,6210,Mandurah,Peel,-32.5122,115.7375
Caltex Manjimup Roadhouse,1182 South Western Hwy,MANJIMUP,6258,Manjimup,South-West,-34.2328,116.1494
Caltex Meadow Springs,25 Meadow Springs Dr,MEADOW SPRINGS,6210,Mandurah,Peel,-32.4936,115.7471
Caltex Merriwa,5/4 Hughie Edwards Dr,MERRIWA,6030,North of River,Metro,-31.66,115.7062
Caltex Midvale,232-234 Morrison Rd,MIDVALE,6056,East/Hills,Metro,-31.8864,116.0318
Caltex Mindarie,22 Anchorage Dr,MINDARIE,6030,North of River,Metro,-31.6936,115.7137
Caltex Moora,65 Roberts St,MOORA,6510,Moora,Wheatbelt,-30.6383,116.0058
Caltex Mount Lawley,81 Guildford Rd,MOUNT LAWLEY,6050,North of River,Metro,-31.9345,115.8841
Caltex Mt Melville,317 Albany Hwy,MOUNT MELVILLE,6330,Albany,Great Southern,-35.0047,117.8661
Caltex Mundaring,7060 Great Eastern Hwy,MUNDARING,6073,East/Hills,Metro,-31.902,116.1646
Caltex Munster,512 Rockingham Rd,MUNSTER,6166,South of River,Metro,-32.1429,115.7899
Caltex Murdoch,170 Murdoch Dr,MURDOCH,6150,South of River,Metro,-32.079,115.843
Caltex Myalup,6043 Forrest Hwy,MYALUP,6220,Harvey,South-West,-33.0342,115.7354
Caltex Naval Base,Cnr Rockingham Rd & Lee Rd,NAVAL BASE,6165,South of River,Metro,-32.2056,115.7833
Caltex Neerabup,2056 Wanneroo Rd,NEERABUP,6031,North of River,Metro,-31.6712,115.7422
Caltex North Perth,311 Fitzgerald St,WEST PERTH,6005,North of River,Metro,-31.9366,115.8579
Caltex Osborne Park,8 Main St,OSBORNE PARK,6017,North of River,Metro,-31.9137,115.8285
Caltex Parmelia,60 Meares Ave,KWINANA TOWN CENTRE,6167,South of River,Metro,-32.2473,115.8169
Caltex Pearsall,204 Shiraz Bvd,PEARSALL,6065,North of River,Metro,-31.7856,115.8262
Caltex Piccadilly,7 Maritana St,PICCADILLY,6430,Kalgoorlie,Goldfields-Esperance,-30.7389,121.4661
Caltex South Hedland,1 Altitude Ave,PORT HEDLAND,6721,Port Hedland,Pilbara,-20.3716,118.6122
Caltex Stratham,1540 Bussell Hwy,STRATHAM,6237,Capel,South-West,-33.4679,115.594
Caltex Tammin,15323 Great Eastern Hwy,TAMMIN,6409,Tammin,Wheatbelt,-31.6404,117.4912
Caltex Tarcoola,156 Brand Hwy,TARCOOLA BEACH,6530,Geraldton,Mid-West,-28.8028,114.6209
Caltex Upper Swan,1383 Great Northern Hwy,UPPER SWAN,6069,East/Hills,Metro,-31.7711,116.0286
Caltex Victoria Park,162-170 Albany Hwy,VICTORIA PARK,6100,South of River,Metro,-31.97,115.892
Caltex Wangara,1 Brady St,WANGARA,6065,North of River,Metro,-31.7861,115.8192
Caltex Warnbro,649-651 Safety Bay Rd,WARNBRO,6169,South of River,Metro,-32.3262,115.7497
Caltex Wattle Grove,604 Welshpool Rd East,WATTLE GROVE,6107,East/Hills,Metro,-32.0063,115.9888
Caltex Welshpool,23 Kewdale Rd,WELSHPOOL,6106,South of River,Metro,-31.9915,115.9467
Caltex Westfield Street,134 Westfield St,MADDINGTON,6109,South of River,Metro,-32.0534,116.0016
Caltex Wooroloo,3381 Great Eastern Hwy,WUNDOWIE,6558,Northam-Shire,Wheatbelt,-31.8066,116.362
Caltex Yokine,398 Hector St,YOKINE,6060,North of River,Metro,-31.9047,115.8497
Cape Agencies,20 Windsor Rd,WELLSTEAD,6328,Albany,Great Southern,-34.4945,118.6045
Carbunup River Store,6672 Bussell Hwy,CARBUNUP RIVER,6280,Busselton-Shire,South-West,-33.6991,115.189
Castletown Service Station,57 Goldfields Rd,CASTLETOWN,6450,Esperance,Goldfields-Esperance,-33.838,121.9079
Cheynes Beach Caravan Park,12 Bald Island Rd,CHEYNES,6328,Albany,Great Southern,-34.8843,118.4047
Chidlow Growers Mart Liquor Store,570 Rosedale Rd,CHIDLOW,6556,East/Hills,Metro,-31.8577,116.266
Colroy Country Kitchen,93 Capel Dr,CAPEL,6271,Capel,South-West,-33.5516,115.5632
Condello's Liquor Waterloo,14755 South Western Hwy,PICTON EAST,6229,Dardanup,South-West,-33.3397,115.7233
Costco Casuarina,137 Market St,CASUARINA,6167,South of River,Metro,-32.2344,115.8525
Costco Perth Airport,142 Dunreath Dr,PERTH AIRPORT,6105,South of River,Metro,-31.9427,115.9517
Crudeli's Auto Repairs,24 Maitland Rd,MULLEWA,6630,Geraldton,Mid-West,-28.5399,115.5134
Dardanup Garage & Service Station,11 Charlotte St,DARDANUP,6236,Dardanup,South-West,-33.3995,115.7545
Darnell's General Store,1230 Rosa Brook Rd,ROSA BROOK,6285,Augusta-M River,South-West,-33.9405,115.1962
De Rosa's Highway Motors,8222 South Western Hwy,WAROONA,6215,Waroona,Peel,-32.8355,115.9171
Del Park Roadhouse,4267 South Western Hwy,NORTH DANDALUP,6207,Murray,Peel,-32.5225,115.9702
Derby Fuels,46 Clarendon St,DERBY,6728,Derby,Kimberley,-17.3056,123.6293
Dunning's Broome,7 Clementson St,BROOME,6725,Broome,Kimberley,-17.9709,122.2181
Dunning's Carnarvon,125 Robinson St,MORGANTOWN,6701,Carnarvon,Gascoyne,-24.8778,113.661
Dunning's KCD Fuels,520 Robinson St,KINGSFORD,6701,Carnarvon,Gascoyne,-24.865,113.6939
Dunning's Karratha,Lot 1437 Warambie Road,KARRATHA,6714,Karratha,Pilbara,-20.7325,116.8437
Dunning's Manjimup,5 Margerison St,MANJIMUP,6258,Manjimup,South-West,-34.2612,116.1489
Dunning's Newman,21 Willis St,NEWMAN,6753,Newman,Pilbara,-23.3706,119.7326
Dunning's Northam,38 Peel Tce,NORTHAM,6401,Northam-Shire,Wheatbelt,-31.6504,116.6784
Dunning's Picton,254 South Western Hwy,PICTON,6229,Bunbury,South-West,-33.3513,115.6909
Dunning's Thompsons Garage,127 Giblett St,MANJIMUP,6258,Manjimup,South-West,-34.2393,116.1473
Dwellingup BP,48 McLarty St,DWELLINGUP,6213,Murray,Peel,-32.714,116.0625
EG Ampol Alkimos,11 Shorehaven Bvd,ALKIMOS,6038,North of River,Metro,-31.6019,115.681
EG Ampol Australind,Cnr Grand Ent & The Promenade,AUSTRALIND,6233,Harvey,South-West,-33.2785,115.7443
EG Ampol Aveley,317 Millhouse Rd,AVELEY,6069,North of River,Metro,-31.7775,115.9873
EG Ampol Ballajura,5 Hamelin Dr,BALLAJURA,6066,North of River,Metro,-31.8466,115.9068
EG Ampol Banksia Grove,133 Ghost Gum Bvd,BANKSIA GROVE,6031,North of River,Metro,-31.7045,115.8019
EG Ampol Brabham,3 Marvel Ent,BRABHAM,6055,East/Hills,Metro,-31.8328,115.9683
EG Ampol Brooks Garden,162 Chester Pass Rd,LANGE,6330,Albany,Great Southern,-34.9898,117.877
EG Ampol Bunbury,Lot 68 Pennant Rd,EAST BUNBURY,6230,Bunbury,South-West,-33.3368,115.6576
EG Ampol Canning Vale,15 Sarah Cl,CANNING VALE,6155,South of River,Metro,-32.0731,115.9255
EG Ampol Carnarvon,90 Robinson St,CARNARVON,6701,Carnarvon,Gascoyne,-24.8803,113.6604
EG Ampol Currambine Marketplace,1244 Marmion Ave,CURRAMBINE,6028,North of River,Metro,-31.7395,115.7383
EG Ampol Dianella,372 Grand Prom,DIANELLA,6059,North of River,Metro,-31.8956,115.8704
EG Ampol Djugun,106 Frederick St,DJUGUN,6725,Broome,Kimberley,-17.9518,122.229
EG Ampol Eaton,2 Recreation Dr,EATON,6232,Dardanup,South-West,-33.3186,115.7165
EG Ampol Ellenbrook,11 Main St,ELLENBROOK,6069,North of River,Metro,-31.7814,115.9677
EG Ampol Falcon,651 Old Coast Rd,FALCON,6210,Mandurah,Peel,-32.5849,115.6599
EG Ampol Floreat,5 Howtree Pl,FLOREAT,6014,North of River,Metro,-31.9367,115.7926
EG Ampol Geraldton,59 Cathedral Ave,GERALDTON,6530,Geraldton,Mid-West,-28.7759,114.6112
EG Ampol Greenwood,37 Canham Way,GREENWOOD,6024,North of River,Metro,-31.8218,115.8204
EG Ampol Joondalup Winton Road,189 Winton Rd,JOONDALUP,6027,North of River,Metro,-31.7449,115.7633
EG Ampol Maddington West,207 Burslem Dr,MADDINGTON,6109,South of River,Metro,-32.0493,115.9775
EG Ampol Mandurah Forum,330 Pinjarra Rd,MANDURAH,6210,Mandurah,Peel,-32.5355,115.7424
EG Ampol Mandurah,10-12 Magenta Tce,MANDURAH,6210,Mandurah,Peel,-32.5096,115.7409
EG Ampol Manjimup,89 Mottram St,MANJIMUP,6258,Manjimup,South-West,-34.2393,116.1488
EG Ampol Mirrabooka,53 Yirrigan Dr,MIRRABOOKA,6061,North of River,Metro,-31.8735,115.8613
EG Ampol Morley Galleria,60 Russell St,MORLEY,6062,North of River,Metro,-31.8967,115.8957
EG Ampol Northam,86 Wellington St,NORTHAM,6401,Northam-Shire,Wheatbelt,-31.6542,116.6723
EG Ampol Osborne Park,401 Scarborough Beach Rd,OSBORNE PARK,6017,North of River,Metro,-31.9107,115.814
EG Ampol Port Kennedy,12 Saltaire Way,PORT KENNEDY,6172,South of River,Metro,-32.3738,115.7559
EG Ampol South Fremantle,219 Hampton Rd,SOUTH FREMANTLE,6162,South of River,Metro,-32.0739,115.7591
EG Ampol South Lake,752 North Lake Rd,SOUTH LAKE,6164,South of River,Metro,-32.1156,115.838
EG Ampol Southern River,466 Warton Rd,SOUTHERN RIVER,6110,South of River,Metro,-32.0964,115.9359
EG Ampol Warnbro,202 Warnbro Sound Ave,WARNBRO,6169,South of River,Metro,-32.346,115.7616
EG Ampol Whitfords,470 Whitfords Ave,HILLARYS,6025,North of River,Metro,-31.7968,115.7498
Eagle West Kalgoorlie Truckstop,2 Brinsden Rd,WEST KALGOORLIE,6430,Boulder,Goldfields-Esperance,-30.7775,121.4315
Elleker General Store,1309 Lower Denmark Rd,ELLEKER,6330,Albany,Great Southern,-35.0086,117.7244
Exmouth Fuel Supplies,2 Huston St,EXMOUTH,6707,Exmouth,Gascoyne,-21.9371,114.1262
FDWA Cunderdin,67 Lundy Ave,CUNDERDIN,6407,Cunderdin,Wheatbelt,-31.6496,117.2421
FastFuel 24/7,54 Cumberland Rd,FORRESTFIELD,6058,East/Hills,Metro,-31.9954,116.0118
Fitzroy River Lodge,Lot 277 Great Northern Hwy,FITZROY CROSSING,6765,Fitzroy Cross,Kimberley,-18.2106,125.5819
Fruit Barn,7 South Western Hwy,DONNYBROOK,6239,D-Brook/Bal-Up,South-West,-33.5691,115.8216
GD's Brunswick Roadhouse,94 Ommaney Rd,BRUNSWICK,6224,Harvey,South-West,-33.2597,115.8368
GSG WA Pty Ltd,111 Morgans St,RAVENSTHORPE,6346,Ravensthorpe,Goldfields-Esperance,-33.581,120.0528
Geographe IGA,328 Marine Tce,GEOGRAPHE,6280,Busselton-Shire,South-West,-33.6382,115.3763
Geographe Petroleum Margaret River,12 Auger Way,MARGARET RIVER,6285,Augusta-M River,South-West,-33.966,115.0718
Geographe Petroleum,84 Strelly St,BUSSELTON,6280,Busselton-Shire,South-West,-33.6628,115.3486
Glen Forrest Fuel,20 Great Eastern Hwy,GLEN FORREST,6071,East/Hills,Metro,-31.9012,116.09
Gracie's General,2 Bayview Dr,GRACETOWN,6284,Augusta-M River,South-West,-33.8648,114.9884
Greenbushes Roadhouse,28 Blackwood Rd,GREENBUSHES,6254,B-Town/G-Bushes,South-West,-33.8485,116.059
Gull Collie,143 Throssell St,COLLIE,6225,Collie,South-West,-33.3595,116.1503
Gull Waterloo,14270 South Western Hwy,WATERLOO,6228,Dardanup,South-West,-33.3236,115.7702
Gull York Roadhouse,63 Avon Tce,YORK,6302,York,Wheatbelt,-31.8933,116.7679
Harbour Rd Truckstop,213 Harbour Rd,CHADWICK,6450,Esperance,Goldfields-Esperance,-33.832,121.8943
Herne Hill General Store,777 Great Northern Hwy,HERNE HILL,6056,East/Hills,Metro,-31.825,116.0164
Hi-Way Sales & Service 1982,154 Albany Hwy,KOJONUP,6395,Kojonup,Great Southern,-33.8406,117.1614
Hills Emporio,1615 Canning Rd,KARRAGULLEN,6111,East/Hills,Metro,-32.0863,116.1156
Hillview Roadhouse and Motel,47 Albany Hwy,KOJONUP,6395,Kojonup,Great Southern,-33.8275,117.1593
Kambalda Roadhouse,2 Bluebush Rd,KAMBALDA WEST,6442,Kambalda,Goldfields-Esperance,-31.2115,121.6218
Karnup Roadhouse,2263 Mandurah Rd,KARNUP,6176,South of River,Metro,-32.4273,115.7748
Karridale Crossroads General Store,12425 Bussell Hwy,KARRIDALE,6288,Augusta-M River,South-West,-34.2013,115.1
Liberty Banksia Grove,7 Honeybee Pde,BANKSIA GROVE,6031,North of River,Metro,-31.7038,115.7992
Liberty Beckenham,63 William St,BECKENHAM,6107,South of River,Metro,-32.0221,115.9549
Liberty Busselton West,100 West St,WEST BUSSELTON,6280,Busselton-Shire,South-West,-33.656,115.3413
Liberty Cannington,25 Cecil Ave,CANNINGTON,6107,South of River,Metro,-32.0166,115.9382
Liberty Cataby,10805 Brand Hwy,CATABY,6507,Cataby,Wheatbelt,-30.7356,115.5385
Liberty Dalyellup,9 Norton Prom,DALYELLUP,6230,Capel,South-West,-33.3964,115.637
Liberty Dongara,30215 Brand Hwy,DONGARA,6525,Dongara,Mid-West,-29.2531,114.9564
Liberty East Rockingham,115 Dixon Rd,EAST ROCKINGHAM,6168,South of River,Metro,-32.2765,115.7736
Liberty Gosnells,2341 Albany Hwy,GOSNELLS,6110,South of River,Metro,-32.0753,116.0057
Liberty Karratha,2 Cockatoo St,NICKOL,6714,Karratha,Pilbara,-20.7468,116.8087
Liberty Landsdale,2 Cowle St,LANDSDALE,6065,North of River,Metro,-31.8028,115.8377
Liberty McKail,557 Albany Hwy,MCKAIL,6330,Albany,Great Southern,-34.9855,117.8517
Liberty Naval Base,24 Dooley St,NAVAL BASE,6165,South of River,Metro,-32.198,115.7831
Liberty O'Connor,9 Pritchard St,O'CONNOR,6163,South of River,Metro,-32.0631,115.7921
Liberty Oyster Harbour,4 Bayonet Head Rd,BAYONET HEAD,6330,Albany,Great Southern,-34.9818,117.9222
Liberty Pinjarra,Cnr Pinjarra Rd & Carey St,PINJARRA,6208,Murray,Peel,-32.6266,115.8696
Liberty Tapping,3 Herdsman Lane,WANNEROO,6065,North of River,Metro,-31.751,115.8028
Liberty West Busselton,259 Bussell Hwy,WEST BUSSELTON,6280,Busselton-Shire,South-West,-33.6574,115.3119
Little Grove General Store,639 Frenchmans Bay Rd,LITTLE GROVE,6330,Albany,Great Southern,-35.068,117.8698
Lori's Fuel Supply,259 Railway Ave,KELMSCOTT,6111,South of River,Metro,-32.1352,116.0098
Maisey Fuels Flores Road,83 Flores Rd,WEBBERTON,6530,Geraldton,Mid-West,-28.7559,114.6301
Maisey Fuels Rudds Gully,512 Rudds Gully Rd,NARNGULU,6532,Geraldton,Mid-West,-28.8234,114.6905
Manypeaks Store,43738 South Coast Hwy,MANYPEAKS,6328,Albany,Great Southern,-34.8383,118.172
Meekatharra Caravan Park,119 Main St,MEEKATHARRA,6642,Meekatharra,Mid-West,-26.5965,118.4933
Meekatharra Corner Store,16 Main St,MEEKATHARRA,6642,Meekatharra,Mid-West,-26.5868,118.4978
Metro Albany,269 York St,ALBANY,6330,Albany,Great Southern,-35.0219,117.883
Metro Bassendean,2/335 Collier Rd,BASSENDEAN,6054,North of River,Metro,-31.9052,115.932
Metro Canning Vale,Lot 322 Ranford Rd,CANNING VALE,6155,South of River,Metro,-32.0926,115.9238
Metro Geraldton,1 Fortyn Ct,MAHOMETS FLATS,6530,Geraldton,Mid-West,-28.7917,114.6164
Metro Jurien Bay,74 Bashford St,JURIEN BAY,6516,Jurien,Wheatbelt,-30.3062,115.0372
Metro Wangara,79 Gnangara Road,WANGARA,6065,North of River,Metro,-31.8019,115.8278
Metro Wanneroo,994 Wanneroo Rd,WANNEROO,6065,North of River,Metro,-31.7489,115.802
Moonyoonooka Store,753 Geraldton-Mt Magnet Rd,MOONYOONOOKA,6532,Geraldton,Mid-West,-28.7821,114.7224
Mt Barker Fuel Services,48 Lowood Rd,MOUNT BARKER,6324,Mt Barker,Great Southern,-34.6327,117.6639
Mundijong Store & Deli,20 Paterson St,MUNDIJONG,6123,South of River,Metro,-32.2955,115.9852
Narrogin Gasworx,22 Fairway St,NARROGIN,6312,Narrogin,Wheatbelt,-32.9388,117.1798
NightOwl BP Armadale,3249 Albany Hwy,ARMADALE,6112,South of River,Metro,-32.1484,116.0204
NightOwl BP Mandurah,304 Pinjarra Rd,MANDURAH,6210,Mandurah,Peel,-32.5356,115.7377
NightOwl Shell Bellevue,49 Great Eastern Hwy,BELLEVUE,6056,East/Hills,Metro,-31.8955,116.0325
NightOwl Shell Highgate,3 Guildford Rd,MOUNT LAWLEY,6050,North of River,Metro,-31.9382,115.8771
NightOwl Shell Maddington,1 Davison St,MADDINGTON,6109,South of River,Metro,-32.0453,115.9889
NightOwl Shell Ravenswood,6 Beacham Rd,RAVENSWOOD,6208,Murray,Peel,-32.6084,115.8447
NightOwl Shell Redcliffe,443 Great Eastern Hwy,REDCLIFFE,6104,South of River,Metro,-31.9294,115.9465
Ningaloo Reef Fuels,6 Pelias St,EXMOUTH,6707,Exmouth,Gascoyne,-21.9385,114.1299
Northcliffe Farm and Trade,6 Windy Harbour Rd,NORTHCLIFFE,6262,Manjimup,South-West,-34.6339,116.1237
Northcliffe Newsagent & General Store,17 Zamia St,NORTHCLIFFE,6262,Manjimup,South-West,-34.6326,116.1179
OTR Como,73 Manning Rd,MANNING,6152,South of River,Metro,-32.0121,115.8645
OTR Maddington,1-3 Sampson St,MADDINGTON,6109,South of River,Metro,-32.0497,115.9809
OTR Perth Pier Street,17 Brisbane St,PERTH,6000,North of River,Metro,-31.9442,115.8691
OTR Roleystone,770 Brookton Hwy,ROLEYSTONE,6111,South of River,Metro,-32.1158,116.0833
OTR Yangebup,71 Shallcross St,YANGEBUP,6164,South of River,Metro,-32.1194,115.7944
One Stop Roadhouse Donnybrook,51 South Western Hwy,DONNYBROOK,6239,D-Brook/Bal-Up,South-West,-33.5793,115.8284
Petro Fuels Albany,250 Albany Hwy,CENTENNIAL PARK,6330,Albany,Great Southern,-35.0099,117.8704
Petro Fuels Baldivis,2/909 Mandurah Rd,BALDIVIS,6171,South of River,Metro,-32.3095,115.797
Petro Fuels Bassendean,190 Railway Pde,BASSENDEAN,6054,North of River,Metro,-31.9156,115.9319
Petro Fuels Calista,103 Calista Ave,CALISTA,6167,South of River,Metro,-32.2488,115.808
Petro Fuels Cataby,10513 Brand Hwy,CATABY,6507,Cataby,Wheatbelt,-30.7532,115.5587
Petro Fuels Denmark,69 South Coast Hwy,DENMARK,6333,Denmark,Great Southern,-34.9618,117.3513
Petro Fuels Karragullen,1287 Brookton Hwy,KARRAGULLEN,6111,East/Hills,Metro,-32.1051,116.1217
Petro Fuels Mount Barker,25 Mitchell Rd,MOUNT BARKER,6324,Mt Barker,Great Southern,-34.6337,117.6659
Petro Fuels Seville Grove,537 Lake Rd,SEVILLE GROVE,6112,South of River,Metro,-32.1369,115.9803
Petro Fuels Shoalwater,113-121 Safety Bay Rd,SHOALWATER,6169,South of River,Metro,-32.2921,115.7104
Petro Fuels Swan View,309 Morrison Rd,SWAN VIEW,6056,East/Hills,Metro,-31.8853,116.0422
Petro Fuels Westminster,436 Wanneroo Rd,WESTMINSTER,6061,North of River,Metro,-31.868,115.8299
Phoenix Barlee St,31 Barlee St,BUSSELTON,6280,Busselton-Shire,South-West,-33.6605,115.3459
Puma Carnarvon OPT,59 Hudson St,GREYS PLAIN,6701,Carnarvon,Gascoyne,-24.8818,113.698
Puma Kununurra Depot,2257 Victoria Hwy,KUNUNURRA,6743,Kununurra,Kimberley,-15.7857,128.7326
Refuel Australia - Carnarvon,40 Harbour Rd,GREYS PLAIN,6701,Carnarvon,Gascoyne,-24.8823,113.7011
Refuel Australia - DMW Supplies,39 Moreton Tce,DONGARA,6525,Dongara,Mid-West,-29.251,114.9352
Refuel Australia - Dalwallinu,2 Clinch Rd,DALWALLINU,6609,Dalwallinu,Wheatbelt,-30.2737,116.665
Refuel Australia - Deepdale Meru,256 Deepdale Rd,MERU,6530,Geraldton,Mid-West,-28.8076,114.6895
Refuel Australia - Geraldton Flores Road,120 Flores Rd,WEBBERTON,6530,Geraldton,Mid-West,-28.7509,114.6296
Refuel Australia - Geraldton Willcock Drive,Cnr John Willcock Link & Portway,WEST END,6530,Geraldton,Mid-West,-28.784,114.5942
Refuel Australia - Meekatharra,81 Oliver St,MEEKATHARRA,6642,Meekatharra,Mid-West,-26.5946,118.4996
Refuel Australia - Port Hedland,Lot 3 Great Northern Hwy,PORT HEDLAND,6721,Port Hedland,Pilbara,-20.5117,118.5043
Refuel Australia - Sunset Geraldton,620 Chapman Rd,GLENFIELD,6532,Geraldton,Mid-West,-28.7197,114.6272
Refuel Carnarvon Truck Stop,1014 North West Coastal Hwy,BROWN RANGE,6701,Carnarvon,Gascoyne,-24.8628,113.7021
Route 94 Bakers Hill,4641 Great Eastern Hwy,BAKERS HILL,6562,Northam-Shire,Wheatbelt,-31.7462,116.4612
S-Bend Caravan Park,27 Company Rd,SOUTH GREENOUGH,6528,Geraldton,Mid-West,-28.9846,114.7742
S24 Balcatta,229 Balcatta Rd,BALCATTA,6021,North of River,Metro,-31.8624,115.8189
S24 Bull Creek,83 Wheatley Dr,BULL CREEK,6149,South of River,Metro,-32.057,115.8659
S24 Crystal Brook (Lesmurdie),7 Welshpool Rd East,LESMURDIE,6076,East/Hills,Metro,-32.0121,116.0353
S24 Guildford,22 Johnson St,GUILDFORD,6055,South of River,Metro,-31.9012,115.9691
S24 Harvey,77 Uduc Rd,HARVEY,6220,Harvey,South-West,-33.0806,115.8954
S24 Kununurra,5 Messmate Way,KUNUNURRA,6743,Kununurra,Kimberley,-15.7785,128.74
S24 Redcliffe,419 Great Eastern Hwy,REDCLIFFE,6104,South of River,Metro,-31.9304,115.9449
S24 Sawyers Valley,96 Great Eastern Hwy,SAWYERS VALLEY,6074,East/Hills,Metro,-31.903,116.2071
S24 Yanchep,1 Ikara Lane,YANCHEP,6035,North of River,Metro,-31.5478,115.6414
Serpentine Falls Roadhouse,2 Falls Rd,SERPENTINE,6125,South of River,Metro,-32.3649,115.9918
Shell Bullsbrook,2539 Great Northern Hwy,BULLSBROOK,6084,East/Hills,Metro,-31.6716,116.0313
Shell Coles Express Beeliar,8 Durnin Ave,BEELIAR,6164,South of River,Metro,-32.1277,115.7972
Shell Coles Express Margaret River,78 Bussell Hwy,MARGARET RIVER,6285,Augusta-M River,South-West,-33.6639,115.3592
Shell Coles Express Tarcoola,2 Fortyn Ct,MAHOMETS FLATS,6530,Geraldton,Mid-West,-28.7912,114.6161
Shell Coles Express Wanneroo Pearsall,621 Wanneroo Rd,WANNEROO,6065,North of River,Metro,-31.78,115.8083
Shell Coles Express Wonthella,115 North West Coastal Hwy,WONTHELLA,6530,Geraldton,Mid-West,-28.7688,114.6243
Shell Geraldton Truckstop,102 Deepdale Rd,MERU,6530,Geraldton,Mid-West,-28.7928,114.691
Shell Gidgegannup,2095 Toodyay Rd,GIDGEGANNUP,6083,East/Hills,Metro,-31.7932,116.1941
Shell High Wycombe,1100 Abernethy Rd,HIGH WYCOMBE,6057,East/Hills,Metro,-31.9382,115.9921
Shell Lower King Liquor & General,629 Lower King Rd,LOWER KING,6330,Albany,Great Southern,-34.9493,117.9437
Shell Reddy Express Albany Orana,342 Albany Hwy,ORANA,6330,Albany,Great Southern,-35.0025,117.8654
Shell Reddy Express Armadale,269 South Western Hwy,ARMADALE,6112,South of River,Metro,-32.1689,116.0147
Shell Reddy Express Banksia Grove,1001 Joondalup Dr,BANKSIA GROVE,6031,North of River,Metro,-31.7066,115.8026
Shell Reddy Express Bayswater,34 Jackson St,BAYSWATER,6053,North of River,Metro,-31.9068,115.9268
Shell Reddy Express Bentley,1128 Albany Hwy,BENTLEY,6102,South of River,Metro,-32.0007,115.9189
Shell Reddy Express Bibra Lake,1 Timberyard Way,BIBRA LAKE,6163,South of River,Metro,-32.1172,115.8074
Shell Reddy Express Bicton,394 Canning Hwy,BICTON,6157,South of River,Metro,-32.0341,115.7927
Shell Reddy Express Boulder,35 Frank St,BOULDER,6432,Boulder,Goldfields-Esperance,-30.7674,121.4845
Shell Reddy Express Brentwood,71 Cranford Ave,BRENTWOOD,6153,South of River,Metro,-32.0412,115.8489
Shell Reddy Express Brighton,61 Butler Bvd,BUTLER,6036,North of River,Metro,-31.6382,115.6954
Shell Reddy Express Brookdale,1256 Armadale Rd,ARMADALE,6112,South of River,Metro,-32.1476,115.9855
Shell Reddy Express Broome,19 Napier Tce,BROOME,6725,Broome,Kimberley,-17.9555,122.2419
Shell Reddy Express Bull Creek,44 Benningfield Rd,BULL CREEK,6149,South of River,Metro,-32.0643,115.8571
Shell Reddy Express Bunbury Gateway,9805 Forrest Hwy,GLEN IRIS,6230,Bunbury,South-West,-33.3349,115.6853
Shell Reddy Express Bunbury Outbound,9850 Forrest Hwy,VITTORIA,6230,Bunbury,South-West,-33.3345,115.6821
Shell Reddy Express Bunbury,70 Forrest Ave,SOUTH BUNBURY,6230,Bunbury,South-West,-33.3408,115.6459
Shell Reddy Express Busselton,88 Causeway Rd,BUSSELTON,6280,Busselton-Shire,South-West,-33.6609,115.3557
Shell Reddy Express Canning Vale,280 Bannister Rd,CANNING VALE,6155,South of River,Metro,-32.0705,115.8965
Shell Reddy Express Casuarina,1 Johnson Rd,BERTRAM,6167,South of River,Metro,-32.2322,115.8481
Shell Reddy Express Claremont,269 Stirling Hwy,CLAREMONT,6010,North of River,Metro,-31.9821,115.7846
Shell Reddy Express Clarkson,36 Ocean Keys Bvd,CLARKSON,6030,North of River,Metro,-31.6912,115.7179
Shell Reddy Express Cloverdale,223 Belmont Ave,CLOVERDALE,6105,South of River,Metro,-31.965,115.9331
Shell Reddy Express Collie,57 Johnston St,COLLIE,6225,Collie,South-West,-33.3574,116.152
Shell Reddy Express Dampier,47 Church Rd,DAMPIER,6713,Dampier,Pilbara,-20.6652,116.707
Shell Reddy Express Dianella,67 Walter Rd West,DIANELLA,6059,North of River,Metro,-31.906,115.8825
Shell Reddy Express Duncraig,193 Warwick Rd,DUNCRAIG,6023,North of River,Metro,-31.8357,115.7829
Shell Reddy Express Dunsborough,64 Dunn Bay Rd,DUNSBOROUGH,6281,Busselton-Shire,South-West,-33.6169,115.1028
Shell Reddy Express Edgewater,57 Joondalup Dr,EDGEWATER,6027,North of River,Metro,-31.7708,115.7802
Shell Reddy Express Ellenbrook,3 Goodwood Cres,ELLENBROOK,6069,North of River,Metro,-31.7749,115.9601
Shell Reddy Express Esperance,25 Andrew St,ESPERANCE,6450,Esperance,Goldfields-Esperance,-33.8611,121.8907
Shell Reddy Express Fitzroy Crossing Roadhouse,87 Great Northern Hwy,FITZROY CROSSING,6765,Fitzroy Cross,Kimberley,-18.1979,125.5682
Shell Reddy Express Forrestfield,2 Strelitzia Ave,FORRESTFIELD,6058,East/Hills,Metro,-31.9887,116.0106
Shell Reddy Express Fremantle,101 Hampton Rd,FREMANTLE,6160,South of River,Metro,-32.0634,115.7566
Shell Reddy Express Girrawheen,60 Marangaroo Dr,GIRRAWHEEN,6064,North of River,Metro,-31.8345,115.8291
Shell Reddy Express Halls Head,14 Guava Way,HALLS HEAD,6210,Mandurah,Peel,-32.5503,115.7026
Shell Reddy Express Jolimont,6 Jersey St,JOLIMONT,6014,North of River,Metro,-31.9475,115.8118
Shell Reddy Express Karawara,222 Manning Rd,KARAWARA,6152,South of River,Metro,-32.0119,115.8842
Shell Reddy Express Karratha Travel & Truck,6 Madigan Rd,STOVE HILL,6714,Karratha,Pilbara,-20.795,116.7782
Shell Reddy Express Karratha,13 Searipple Rd,KARRATHA,6714,Karratha,Pilbara,-20.7355,116.8492
Shell Reddy Express Kewdale,518 Abernethy Rd,KEWDALE,6105,South of River,Metro,-31.9801,115.9584
Shell Reddy Express Kingsley,47 Renegade Way,KINGSLEY,6026,North of River,Metro,-31.8204,115.8055
Shell Reddy Express Kununurra Roadhouse,17 Poinciana St,KUNUNURRA,6743,Kununurra,Kimberley,-15.7808,128.7321
Shell Reddy Express Kwinana Beach,4 Beach St,KWINANA BEACH,6167,South of River,Metro,-32.2438,115.7764
Shell Reddy Express Lakelands,49 Banksiadale Gte,LAKELANDS,6180,Mandurah,Peel,-32.4723,115.7591
Shell Reddy Express Langford,70 Nicholson Rd,LANGFORD,6147,South of River,Metro,-32.032,115.9388
Shell Reddy Express Leeming,29/51 Farrington St,LEEMING,6149,South of River,Metro,-32.0789,115.8576
Shell Reddy Express Maddington,117 Burslem Dr,MADDINGTON,6109,South of River,Metro,-32.0555,115.98
Shell Reddy Express Malaga,492 Alexander Dr,MALAGA,6090,North of River,Metro,-31.8633,115.8796
Shell Reddy Express Mandurah,Cnr Pinjarra Rd & Watson Dr,BARRAGUP,6209,Murray,Peel,-32.5521,115.7791
Shell Reddy Express Meekatharra Roadhouse,Lot 821 Main St,MEEKATHARRA,6642,Meekatharra,Mid-West,-26.5982,118.4913
Shell Reddy Express Middle Swan,Lot 46 Great Northern Hwy,MIDDLE SWAN,6056,East/Hills,Metro,-31.8747,116.0108
Shell Reddy Express Mosman Park,582 Stirling Hwy,MOSMAN PARK,6012,North of River,Metro,-32.0052,115.7594
Shell Reddy Express Mount Lawley,253 Walcott St,NORTH PERTH,6006,North of River,Metro,-31.9238,115.8592
Shell Reddy Express Mount Pleasant,1 The Esplanade,MOUNT PLEASANT,6153,South of River,Metro,-32.0126,115.8501
Shell Reddy Express Myaree,69 North Lake Rd,MYAREE,6154,South of River,Metro,-32.0396,115.8153
Shell Reddy Express Northam,10 Beamish Ave,NORTHAM,6401,Northam-Shire,Wheatbelt,-31.6576,116.6704
Shell Reddy Express Ocean Reef,6 Marina Bvd,OCEAN REEF,6027,North of River,Metro,-31.7674,115.7495
Shell Reddy Express Osborne Park,11 Roberts St West,OSBORNE PARK,6017,North of River,Metro,-31.9075,115.819
Shell Reddy Express Palmyra,80 Carrington St,PALMYRA,6157,South of River,Metro,-32.0473,115.7798
Shell Reddy Express Perth,480 William St,PERTH,6000,North of River,Metro,-31.9409,115.8641
Shell Reddy Express Port Hedland,Lot 2065 Wilson St,PORT HEDLAND,6721,Port Hedland,Pilbara,-20.3129,118.5856
Shell Reddy Express Scarborough,205 West Coast Hwy,SCARBOROUGH,6019,North of River,Metro,-31.8928,115.7572
Shell Reddy Express South Hedland Roadhouse,Lot 5553 Great Northern Hwy,WEDGEFIELD,6721,Port Hedland,Pilbara,-20.3716,118.6119
Shell Reddy Express South Perth,3 Canning Hwy,SOUTH PERTH,6151,South of River,Metro,-31.9746,115.882
Shell Reddy Express Southern River,216 Lakey St,SOUTHERN RIVER,6110,South of River,Metro,-32.1039,115.9353
Shell Reddy Express Upper Swan Roadhouse,1333 Great Northern Hwy,UPPER SWAN,6069,East/Hills,Metro,-31.7747,116.026
Shell Reddy Express Vasse,2 Napoleon Prom,VASSE,6280,Busselton-Shire,South-West,-33.675,115.2513
Shell Reddy Express Victoria Park,66 Kent St,EAST VICTORIA PARK,6101,South of River,Metro,-31.9857,115.8962
Shell Reddy Express Waikiki,1-9 Gnangara Dr,WAIKIKI,6169,South of River,Metro,-32.3142,115.7535
Shell Reddy Express Wangara,1 Niche Pde,WANGARA,6065,North of River,Metro,-31.792,115.8526
Shell Reddy Express Warwick,274 Erindale Rd,WARWICK,6024,North of River,Metro,-31.8445,115.8127
Shell Reddy Express Wembley,337 Cambridge St,WEMBLEY,6014,North of River,Metro,-31.9413,115.8118
Shell Reddy Express West Perth,30 Thomas St,WEST PERTH,6005,North of River,Metro,-31.9455,115.8397
Shell Reddy Express Westfield,88 Champion Dr,SEVILLE GROVE,6112,South of River,Metro,-32.1305,116.001
Shell Reddy Express Willetton,239-247 High Rd,WILLETTON,6155,South of River,Metro,-32.0391,115.894
Smart Mart Newman,Lot 1 Newman Dr,NEWMAN,6753,Newman,Pilbara,-23.3507,119.7411
Smart Mart Pure Convenience - Flores Rd,280 Fourth St,WONTHELLA,6530,Geraldton,Mid-West,-28.7643,114.6337
Smiths Shell Service,86 Avon Tce,YORK,6302,York,Wheatbelt,-31.8907,116.7687
United Albany Central,309 Albany Hwy,MOUNT MELVILLE,6330,Albany,Great Southern,-35.0057,117.8668
United Anketell South,811 Thomas Rd,ANKETELL,6167,South of River,Metro,-32.229,115.8577
United Anketell,5 Albina Ave,ANKETELL,6167,South of River,Metro,-32.2114,115.8558
United Armadale,178 South Western Hwy,ARMADALE,6112,South of River,Metro,-32.1614,116.0177
United Bibra Lake,13 Whyalla Ct,BIBRA LAKE,6163,South of River,Metro,-32.0939,115.8025
United Boulder Kalgoorlie,26 Davis St,BOULDER,6432,Boulder,Goldfields-Esperance,-30.7787,121.4891
United Broome,49 Reid Rd,CABLE BEACH,6726,Broome,Kimberley,-17.961,122.2152
United Byford,801-803 South Western Hwy,BYFORD,6122,South of River,Metro,-32.2154,116.0084
United Denmark,45 South Coast Hwy,DENMARK,6333,Denmark,Great Southern,-34.961,117.354
United East Victoria Park,916 Albany Hwy,EAST VICTORIA PARK,6101,South of River,Metro,-31.9878,115.9056
United Ellenbrook,3 Locke Lane,ELLENBROOK,6069,North of River,Metro,-31.7786,115.9671
United Hamilton Hill,9 Winterfold Rd,HAMILTON HILL,6163,South of River,Metro,-32.075,115.7809
United Hepburn Heights,4 Walter Padbury Bvd,PADBURY,6025,North of River,Metro,-31.8191,115.774
United Kellerberrin Truck Stop,150 Massingham St,KELLERBERRIN,6410,Kellerberrin,Wheatbelt,-31.6333,117.7279
United Kewdale Truck Stop,410-412 Orrong Rd,KEWDALE,6105,South of River,Metro,-31.9898,115.9393
United Kojonup,138 Albany Hwy,KOJONUP,6395,Kojonup,Great Southern,-33.8384,117.1603
United Leda,2 Feilman Dr,LEDA,6170,South of River,Metro,-32.26,115.8065
United Lexia Truck Stop,779 Gnangara Rd,LEXIA,6065,North of River,Metro,-31.7952,115.8995
United Maddington Truck Stop,13 Stebbing Rd,MADDINGTON,6109,South of River,Metro,-32.0424,115.9911
United Manjimup,1 Rose St,MANJIMUP,6258,Manjimup,South-West,-34.2441,116.1429
United Mount Barker Roadhouse Truck Stop,31763 Albany Hwy,MOUNT BARKER,6324,Mt Barker,Great Southern,-34.6197,117.6621
United Myaree,182 Leach Hwy,MYAREE,6154,South of River,Metro,-32.0463,115.8126
United Naval Base Truck Stop,13 Lionel St,NAVAL BASE,6165,South of River,Metro,-32.1954,115.7832
United Neerabup Truck Stop,2038 Wanneroo Rd,NEERABUP,6031,North of River,Metro,-31.6724,115.7433
United Northbridge,31 Fitzgerald St,NORTHBRIDGE,6003,North of River,Metro,-31.9457,115.8523
United Osborne Park,479 Scarborough Beach Rd,OSBORNE PARK,6017,North of River,Metro,-31.9049,115.806
United Perth Airport Truck Stop,Airport Dr (Cnr Paltridge Rd),PERTH AIRPORT,6105,South of River,Metro,-31.9564,115.9737
United Pinjarra Truck Stop,1602 Pinjarra Rd,PINJARRA,6208,Murray,Peel,-32.611,115.8476
United Rangeway Truck Stop,50 Rifle Range Rd,RANGEWAY,6530,Geraldton,Mid-West,-28.7844,114.6293
United South Lake,49 Berrigan Dr,SOUTH LAKE,6164,South of River,Metro,-32.1108,115.8395
United Southern River,Lot 101 Terrier Pl,SOUTHERN RIVER,6110,South of River,Metro,-32.1211,115.9547
United Swanbourne,2 Servetus St,SWANBOURNE,6010,North of River,Metro,-31.9835,115.7673
United Tapping,1369 Wanneroo Rd,WANNEROO,6065,North of River,Metro,-31.7197,115.7834
United Vasse Truck Stop,210 Northerly St,VASSE,6280,Busselton-Shire,South-West,-33.6835,115.2322
Vibe Armadale,126 Forrest Rd,ARMADALE,6112,South of River,Metro,-32.1582,116.0019
Vibe Ascot,268 Great Eastern Hwy,ASCOT,6104,South of River,Metro,-31.9364,115.9333
Vibe Bayswater,120 Beechboro Rd South,BAYSWATER,6053,North of River,Metro,-31.9049,115.9166
Vibe Bedford,168 Walter Rd West,BEDFORD,6052,North of River,Metro,-31.9001,115.8891
Vibe Beechboro,495 Beechboro Rd North,BEECHBORO,6063,North of River,Metro,-31.8689,115.9243
Vibe Bridgetown,169 Hampton St,BRIDGETOWN,6255,B-Town/G-Bushes,South-West,-33.9573,116.1369
Vibe Broadwater,375 Bussell Hwy,BROADWATER,6280,Busselton-Shire,South-West,-33.6593,115.2981
Vibe Bullsbrook Northlink,1769 Neaves Rd,BULLSBROOK,6084,North of River,Metro,-31.6547,115.9723
Vibe Bullsbrook,2533 Great Northern Hwy,BULLSBROOK,6084,North of River,Metro,-31.6719,116.0314
Vibe Bunbury Strickland St,81 King Rd,EAST BUNBURY,6230,Bunbury,South-West,-33.336,115.6545
Vibe Bunbury,42 Strickland St,BUNBURY,6230,Bunbury,South-West,-33.3361,115.647
Vibe Byford,868 South Western Hwy,BYFORD,6122,South of River,Metro,-32.2212,116.0094
Vibe Canning Vale,6 Birnam Rd,CANNING VALE,6155,South of River,Metro,-32.0752,115.9231
Vibe Charles St,427 Charles St,NORTH PERTH,6006,North of River,Metro,-31.9222,115.8502
Vibe Coolgardie,1 Bayley St,COOLGARDIE,6429,Coolgardie,Goldfields-Esperance,-30.955,121.1725
Vibe Donnybrook,45 South Western Hwy,DONNYBROOK,6239,D-Brook/Bal-Up,South-West,-33.5757,115.8251
Vibe East Bunbury,13 Picton Rd,EAST BUNBURY,6230,Bunbury,South-West,-33.3456,115.6602
Vibe Forrestfield,159 Milner Rd,FORRESTFIELD,6058,East/Hills,Metro,-31.9612,115.9923
Vibe Hamilton Hill,114 Rockingham Rd,HAMILTON HILL,6163,South of River,Metro,-32.0861,115.7773
Vibe Harvey,46 South Western Hwy,HARVEY,6220,Harvey,South-West,-33.0826,115.9054
Vibe Henderson,Lot 104 Russel Rd,HENDERSON,6166,South of River,Metro,-32.1459,115.7888
Vibe Jandakot,630 Karel Ave,JANDAKOT,6164,South of River,Metro,-32.0901,115.8706
Vibe Kalamunda,7 Mead St,KALAMUNDA,6076,East/Hills,Metro,-31.9736,116.0594
Vibe Kwinana OPT,Cnr Mandurah Rd & Beach St,KWINANA BEACH,6167,South of River,Metro,-32.1042,115.9441
Vibe Kwinana Town Centre,6 Chisham Ave,KWINANA TOWN CENTRE,6167,South of River,Metro,-32.2443,115.8156
Vibe Mandurah,2 Rafferty Rd,MANDURAH,6210,Mandurah,Peel,-32.5173,115.7439
Vibe Morley,430 Morley Dr,MORLEY,6062,North of River,Metro,-31.8878,115.89
Vibe Mt Helena,9 McVicar Pl,MOUNT HELENA,6082,East/Hills,Metro,-31.8783,116.209
Vibe Neerabup,1 Pinnacle Dr,NEERABUP,6031,North of River,Metro,-31.6867,115.7835
Vibe Nollamara,66 Sylvia St,NOLLAMARA,6061,North of River,Metro,-31.8805,115.8405
Vibe Osborne Park,7 Hutton St,OSBORNE PARK,6017,North of River,Metro,-31.9064,115.8137
Vibe Piara Waters,390 Nicholson Rd,PIARA WATERS,6112,South of River,Metro,-32.147,115.922
Vibe Pinjarra,58 George St,PINJARRA,6208,Murray,Peel,-32.6312,115.8727
Vibe Placid Ark Roadhouse,6947 South Western Hwy,COOLUP,6214,Murray,Peel,-32.7271,115.882
Vibe Port Kennedy,35 Blackburn Dr,PORT KENNEDY,6172,South of River,Metro,-32.3716,115.7622
Vibe Siesta Park,367 Caves Rd,KEALY,6280,Busselton-Shire,South-West,-33.6579,115.2196
Vibe South Bunbury,302 Blair St,SOUTH BUNBURY,6230,Bunbury,South-West,-33.3518,115.642
Vibe Spearwood,333 Rockingham Rd,SPEARWOOD,6163,South of River,Metro,-32.1049,115.7823
Vibe Subiaco,123 Thomas St,SUBIACO,6008,North of River,Metro,-31.9521,115.8311
Vibe Toodyay Rd,2086 Toodyay Rd,GIDGEGANNUP,6083,East/Hills,Metro,-31.7945,116.193
Vibe Treendale,157 Grand Ent,AUSTRALIND,6233,Harvey,South-West,-33.2768,115.7249
Vibe Upper Swan,1447 Great Northern Hwy,UPPER SWAN,6069,East/Hills,Metro,-31.7659,116.0317
Vibe Wanneroo,964 Wanneroo Rd,WANNEROO,6065,North of River,Metro,-31.7513,115.8036
Vibe Waroona,89 South Western Hwy,WAROONA,6215,Waroona,Peel,-32.8455,115.9221
Vibe Welshpool,124 Welshpool Rd,WELSHPOOL,6106,South of River,Metro,-31.9943,115.9307
Vibe Witchcliffe,10428 Bussell Hwy,WITCHCLIFFE,6286,Augusta-M River,South-West,-33.6639,115.3592
WA Fuel Karratha,1031 Mardie Rd,KARRATHA INDUSTRIAL ESTATE,6714,Karratha,Pilbara,-20.7767,116.8618
WA Fuel Kwinana Beach,44 Mandurah Rd,KWINANA BEACH,6167,South of River,Metro,-32.2433,115.7826
WA Fuel Manjimup,54 Wetherell St,MANJIMUP,6258,Manjimup,South-West,-34.2611,116.1498
WA Fuel South Guildford,2 Kalamunda Rd,SOUTH GUILDFORD,6055,South of River,Metro,-31.914,115.9721
Walkaway General Store,1 Evans Rd,WALKAWAY,6528,Geraldton,Mid-West,-28.9402,114.8018
Walpole IGA Pioneer Store,10 Nockolds St,WALPOLE,6398,Manjimup,South-West,-34.9767,116.7304
Waroona Roadhouse,32 South Western Hwy,WAROONA,6215,Waroona,Peel,-32.84,115.9206
Whalley's United Beachway,260 Middleton Rd,MIRA MAR,6330,Albany,Great Southern,-35.0169,117.8911
Whalley's United Uberwash,225-227 Albany Hwy,MOUNT MELVILLE,6330,Albany,Great Southern,-35.0125,117.8714
Windmill Roadhouse,1 Darch St,REGANS FORD,6507,Regans Ford,Wheatbelt,-30.9794,115.7003
X Convenience Alkimos,58 Montana Cres,ALKIMOS,6038,North of River,Metro,-31.6222,115.6886
X Convenience Erskine,2 Wattleglen Ave,ERSKINE,6210,Mandurah,Peel,-32.565,115.6823
Yarrumba Service Station,21 Jose St,MULLEWA,6630,Geraldton,Mid-West,-28.5398,115.5118
Young Siding General Store,19 Station St,YOUNGS SIDING,6330,Albany,Great Southern,-35.0134,117.5227
Shell Reddy Express Margaret River,78 Bussell Hwy,MARGARET RIVER,6285,Augusta-M River,South-West,-33.6639,115.3592
S24 Forrestfield,155 Hale Rd,FORRESTFIELD,6058,East/Hills,Metro,-31.9906,116.0001
Petro Fuels Bluff Point,381 Chapman Rd,BLUFF POINT,6530,Geraldton,Mid-West,-28.7414,114.6223
OTR Bunbury,92 Blair St,BUNBURY,6230,Bunbury,South-West,-33.3299,115.6414
Burk Mount Lawley,791 Beaufort St,MOUNT LAWLEY,6050,North of River,Metro,-31.9256,115.88
Petro Fuels Munglinup,16 Tubada St,MUNGLINUP,6450,Munglinup,Goldfields-Esperance,-33.705,120.8607
Dunning's Wedgefield,6 Tailings Elb,WEDGEFIELD,6721,East/Hills,Metro,-20.3768,118.5981
Wubin Roadhouse,108 Great Northern Hwy,WUBIN,6612,Wubin,Wheatbelt,-30.1056,116.6309
